"id","num","name","price","currency","image","desc"
"COMBO-01","1","يلا اعملي اوردر مستنيه اي","299","جنيه","كومبو/5796492278367981697.jpg","ها هنقعد نختار كتير؟"
"COMBO-02","2","يلا اعملي اوردر مستنيه اي","330","جنيه","كومبو/5796492278367981698.jpg","ها هنقعد نختار كتير؟"
"COMBO-03","3","يلا اعملي اوردر مستنيه اي","350","جنيه","كومبو/5798463423543709642.jpg","ها هنقعد نختار كتير؟"
"COMBO-04","4","يلا اعملي اوردر مستنيه اي","250","جنيه","كومبو/5798463423543709649.jpg","ها هنقعد نختار كتير؟"
"COMBO-05","5","يلا اعملي اوردر مستنيه اي","450","جنيه","كومبو/5800715223357394515.jpg","ها هنقعد نختار كتير؟"
"COMBO-06","6","يلا اعملي اوردر مستنيه اي","275","جنيه","كومبو/5802967023171080101.jpg","ها هنقعد نختار كتير؟"
"COMBO-07","7","يلا اعملي اوردر مستنيه اي","250","جنيه","كومبو/5807916019496980657.jpg","ها هنقعد نختار كتير؟"
"COMBO-08","8","يلا اعملي اوردر مستنيه اي","230","جنيه","كومبو/5807916019496980855.jpg","ها هنقعد نختار كتير؟"
"COMBO-09","9","يلا اعملي اوردر مستنيه اي","299","جنيه","كومبو/5816747009128468266 (1).jpg","ها هنقعد نختار كتير؟"
"COMBO-10","10","يلا اعملي اوردر مستنيه اي","260","جنيه","كومبو/5821084616859783072.jpg","ها هنقعد نختار كتير؟"
"COMBO-11","11","يلا اعملي اوردر مستنيه اي","299","جنيه","كومبو/5821084616859783100.jpg","ها هنقعد نختار كتير؟"
"COMBO-12","12","يلا اعملي اوردر مستنيه اي","299","جنيه","كومبو/5821084616859783141.jpg","ها هنقعد نختار كتير؟"
"COMBO-13","13","يلا اعملي اوردر مستنيه اي","310","جنيه","كومبو/5823336416673468647 (1).jpg","ها هنقعد نختار كتير؟"
"COMBO-14","14","يلا اعملي اوردر مستنيه اي","299","جنيه","كومبو/5825456120472998229.jpg","ها هنقعد نختار كتير؟"
"COMBO-15","15","يلا اعملي اوردر مستنيه اي","299","جنيه","كومبو/5825456120472998281.jpg","ها هنقعد نختار كتير؟"
"COMBO-16","16","يلا اعملي اوردر مستنيه اي","199","جنيه","كومبو/5825456120472998453.jpg","ها هنقعد نختار كتير؟"
"COMBO-17","17","يلا اعملي اوردر مستنيه اي","299","جنيه","كومبو/5825456120472998455.jpg","ها هنقعد نختار كتير؟"
"COMBO-18","18","يلا اعملي اوردر مستنيه اي","299","جنيه","كومبو/5825456120472998592.jpg","ها هنقعد نختار كتير؟"
"COMBO-19","19","يلا اعملي اوردر مستنيه اي","310","جنيه","كومبو/5825456120472998594.jpg","ها هنقعد نختار كتير؟"
"COMBO-20","20","يلا اعملي اوردر مستنيه اي","350","جنيه","كومبو/5827891392699633545.jpg","ها هنقعد نختار كتير؟"
"COMBO-21","21","يلا اعملي اوردر مستنيه اي","250","جنيه","كومبو/5829959720100368398.jpg","ها هنقعد نختار كتير؟"
"COMBO-22","22","يلا اعملي اوردر مستنيه اي","199","جنيه","كومبو/5832716809931526073.jpg","ها هنقعد نختار كتير؟"
"COMBO-23","23","يلا اعملي اوردر مستنيه اي","499","جنيه","كومبو/5834482904778608792.jpg","ها هنقعد نختار كتير؟"
"COMBO-24","24","يلا اعملي اوردر مستنيه اي","450","جنيه","كومبو/5834482904778608795.jpg","ها هنقعد نختار كتير؟"
"COMBO-25","25","يلا اعملي اوردر مستنيه اي","299","جنيه","كومبو/5836734704592294259 (2).jpg","ها هنقعد نختار كتير؟"
"COMBO-26","26","يلا اعملي اوردر مستنيه اي","199","جنيه","كومبو/5836756145069035773 (1).jpg","ها هنقعد نختار كتير؟"
"COMBO-27","27","يلا اعملي اوردر مستنيه اي","210","جنيه","كومبو/5839431664881307602.jpg","ها هنقعد نختار كتير؟"
"COMBO-28","28","يلا اعملي اوردر مستنيه اي","199","جنيه","كومبو/5839431664881307610.jpg","ها هنقعد نختار كتير؟"
"COMBO-29","29","يلا اعملي اوردر مستنيه اي","270","جنيه","كومبو/5841332415543056114.jpg","ها هنقعد نختار كتير؟"
"COMBO-30","30","يلا اعملي اوردر مستنيه اي","199","جنيه","كومبو/5841332415543056118 (1).jpg","ها هنقعد نختار كتير؟"
"COMBO-31","31","يلا اعملي اوردر مستنيه اي","230","جنيه","كومبو/5841332415543056441.jpg","ها هنقعد نختار كتير؟"
"COMBO-32","32","يلا اعملي اوردر مستنيه اي","260","جنيه","كومبو/5850359960057876837.jpg","ها هنقعد نختار كتير؟"
"COMBO-33","33","يلا اعملي اوردر مستنيه اي","280","جنيه","كومبو/5852912562201104747.jpg","ها هنقعد نختار كتير؟"
"COMBO-34","34","يلا اعملي اوردر مستنيه اي","199","جنيه","كومبو/5852912562201104751.jpg","ها هنقعد نختار كتير؟"
"COMBO-35","35","يلا اعملي اوردر مستنيه اي","199","جنيه","كومبو/5852912562201104762.jpg","ها هنقعد نختار كتير؟"
"COMBO-36","36","يلا اعملي اوردر مستنيه اي","260","جنيه","كومبو/5852912562201104764.jpg","ها هنقعد نختار كتير؟"
"COMBO-37","37","يلا اعملي اوردر مستنيه اي","250","جنيه","كومبو/5855164362014790252.jpg","ها هنقعد نختار كتير؟"
"COMBO-38","38","يلا اعملي اوردر مستنيه اي","290","جنيه","كومبو/5855164362014790253 (1).jpg","ها هنقعد نختار كتير؟"
"COMBO-39","39","يلا اعملي اوردر مستنيه اي","310","جنيه","كومبو/5855164362014790256.jpg","ها هنقعد نختار كتير؟"
"COMBO-40","40","يلا اعملي اوردر مستنيه اي","199","جنيه","كومبو/5855164362014790265.jpg","ها هنقعد نختار كتير؟"
"COMBO-41","41","يلا اعملي اوردر مستنيه اي","230","جنيه","كومبو/5855164362014790266.jpg","ها هنقعد نختار كتير؟"
"COMBO-42","42","يلا اعملي اوردر مستنيه اي","280","جنيه","كومبو/5855164362014790268.jpg","ها هنقعد نختار كتير؟"
"COMBO-43","43","يلا اعملي اوردر مستنيه اي","250","جنيه","كومبو/5859480048233025328 (1).jpg","ها هنقعد نختار كتير؟"
"COMBO-44","44","يلا اعملي اوردر مستنيه اي","499","جنيه","كومبو/5859480048233025331 (1).jpg","ها هنقعد نختار كتير؟"
"COMBO-45","45","يلا اعملي اوردر مستنيه اي","250","جنيه","كومبو/5859480048233025334 (1).jpg","ها هنقعد نختار كتير؟"
"COMBO-46","46","يلا اعملي اوردر مستنيه اي","199","جنيه","كومبو/5859480048233025335.jpg","ها هنقعد نختار كتير؟"
"COMBO-47","47","يلا اعملي اوردر مستنيه اي","175","جنيه","كومبو/5870851300566700628.jpg","ها هنقعد نختار كتير؟"
"COMBO-48","48","يلا اعملي اوردر مستنيه اي","199","جنيه","كومبو/5872868633820729937.jpg","ها هنقعد نختار كتير؟"
"COMBO-49","49","يلا اعملي اوردر مستنيه اي","199","جنيه","كومبو/5872868633820729959.jpg","ها هنقعد نختار كتير؟"
"COMBO-50","50","يلا اعملي اوردر مستنيه اي","230","جنيه","كومبو/5875171651119419830.jpg","ها هنقعد نختار كتير؟"