"id","name","stars","product","text"
"1","سارة أحمد","5","انسيلات #4","الخامة كويسة والفينيش نضيف، والتغليف كان محترم. التوصيل خد 4 أيام لحد عندي."
"2","نورهان محمد","5","COMBO-07","طلبت الكومبو هدية لأختي، القطع زي الصور بالظبط والتغليف شيك."
"3","مريم خالد","4","خواتم #11","الخاتم حلو ومقاسه مظبوط، بس كنت متخيلة لمعته أقوى شوية. عموما راضية عنه."
"4","آية سمير","5","سلاسل #3","السلسلة رقيقة وشيك، بلبسها كل يوم. طولها مناسب ومش بتتشابك."
"5","ياسمين عمرو","5","خواتم #6","تاني مرة أطلب، المقاسات مظبوطة والتعامل ذوق. اللون ثابت لحد دلوقتي."
"6","هند إبراهيم","4","COMBO-02","الكومبو حلو وقيمته كويسة بالنسبة لسعره، التوصيل اتأخر يوم عن الموعد بس بلغوني قبلها."
"7","دينا محمود","5","انسيلات #7","الانسيال عملي وخفيف، بلبسه في الشغل كل يوم ومستحمل معايا."
"8","فاطمة علي","5","COMBO-35","كنت محتاجة حاجة لمناسبة، وصل في 5 أيام وكان شكله أحلى من الصور."
"9","شيماء حسن","4","سلاسل #9","السلسلة جميلة بس القفل صغير شوية وبياخد وقت في اللبس. غير كده تمام."
"10","إسراء طارق","5","خواتم #2","المقاس طلع مظبوط من أول مرة حسب جدول المقاسات اللي بعتوهولي على واتساب."
"11","منة الله أشرف","5","COMBO-01","دفعت 50% والباقي عند الاستلام، الموضوع كان مريح والتعامل واضح من الأول."
"12","نوران سعيد","3","انسيلات #12","الانسيال شكله حلو بس فيه خدش صغير من الجنب، كلمتهم وقالولي أبدله خلال 3 أيام."
"13","روان أسامة","5","سلاسل #14","طلبت يوم السبت ووصل الأربع، التغليف كويس والسلسلة زي ما توقعت."
"14","بسمة كريم","5","خواتم #18","خفيف ومريح ومش بيضايق في اللبس اليومي. السعر مناسب جدا."
"15","أماني رضا","4","COMBO-20","القطع حلوة، بس علبة الهدية كانت متطبقة من الجنب. المنتجات نفسها سليمة."
"16","جهاد وليد","5","انسيلات #2","دي تالت مرة أطلب منهم، الجودة ثابتة والرد على واتساب سريع."
"17","ندى حسام","5","سلاسل #21","جبتها هدية لماما وعجبتها أوي، التغليف كان يصلح للهدايا من غير إضافات."
"18","هبة شريف","4","خواتم #8","حلو بس المقاس كان ضيق سنة، بدلته بمقاس أكبر من غير مشاكل."
"19","ميار عادل","5","COMBO-11","كل قطعة في الكومبو ليها استخدام، مش حاجة مركونة. عجبني التنسيق بينهم."
"20","شهد مصطفى","5","انسيلات #19","اللون الذهبي بتاعه هادي ومش فاقع، وده اللي كنت بدور عليه."
"21","فرح ياسر","4","سلاسل #6","كويسة بس السلسلة أخف من ما توقعت، محتاجة محافظة في اللبس والقلع."
"22","آلاء محسن","5","خواتم #23","الفينيش نضيف ومفيش حروف حادة بتجرح. شكرا على الاهتمام بالتفاصيل."
"23","ضحى جمال","5","COMBO-04","سعره كان أعلى شوية بس الخامة تستاهل، باين عليه الفخامة على الطبيعة."
"24","إيمان فؤاد","4","انسيلات #15","حلو وعملي، بس التوصيل للمحافظات خد 5 أيام كاملة. كنت عايزاه بدري شوية."
"25","غادة ناصر","5","سلاسل #25","سألتهم قبل الطلب عن الطول والماتيريال وردوا عليا بالتفصيل، وصل زي ما قالوا."
"26","تقى علاء","5","خواتم #4","بقاله شهر معايا وبلبسه يوميا، اللون زي ما هو ومفيش تغيير."
"27","سلمى هاني","4","COMBO-10","الكومبو جميل، بس كنت فاكرة فيه قطعة زيادة من الصورة وطلعت زاوية تصوير."
"28","رنا يحيى","5","انسيلات #22","المقاس مظبوط والقفل محكم، مش بيقع ولا بيتحرك. تجربة كويسة."
"29","دعاء سامح","5","سلاسل #17","هدية لصاحبتي في عيد ميلادها، وصل مغلف جاهز وماحتاجتش أعمل حاجة."
"30","مها زكي","3","خواتم #14","التصميم حلو لكن المقاس اللي وصل مش اللي طلبته، مستنية الاستبدال يخلص."
"31","نهى عاطف","5","COMBO-50","أغلى كومبو طلبته بس القطع كلها تقيلة وفخمة، يستاهل سعره."
"32","ريم أشرف","4","انسيلات #9","كويس بس العلبة جات من غير كيس الهدايا اللي في الصورة، قالولي خلص وهيبعتوه مع الأوردر الجاي."
"33","نيرة عصام","5","سلاسل #30","الطول مناسب على الرقبة ومش بيضايق، والتعليقة ثابتة ومش بتتقلب."
"34","أسماء جابر","5","خواتم #27","طلبت مقاسين مختلفين ليا ولأختي والاتنين جم مظبوطين."
"35","منار سامي","4","COMBO-25","حلو للمناسبات، بس مش للبس اليومي لأنه بيلمع أوي. للسهرات ممتاز."
"36","سهيلة كمال","5","انسيلات #26","السعر كان مفاجأة بالنسبة للجودة، توقعت أقل من كده بكتير."
"37","يارا نادر","5","سلاسل #11","بسيطة وشيك وبتمشي مع كل اللبس، دي تاني واحدة أجيبها نفس الموديل."
"38","خلود أمير","4","خواتم #19","جميل بس محتاج يتلمع كل فترة عشان يحافظ على لمعته، قالولي كده قبل الشراء."
"39","إنجي مدحت","5","COMBO-18","طلبته لماما والتغليف كان محترم جدا، والفاتورة فيها كل التفاصيل واضحة."
"40","نانسي مجدي","5","انسيلات #28","بيلبق على الكاجوال والكلاسيك، ودي ميزة مش بلاقيها في كل الموديلات."
"41","سوزان فكري","4","سلاسل #24","كويسة والخامة تمام، بس كنت عايزة السلسلة أطول شوية. المرة الجاية هسأل الأول."
"42","عبير ناجي","5","خواتم #29","التعامل راقي من أول الرسالة لحد الاستلام، وبلغوني بموعد الشحن قبلها."
"43","ولاء حمدي","5","COMBO-30","القطع متناسقة مع بعض فعلا مش مجرد تجميعة، باين إن فيه ذوق في الاختيار."
"44","صفاء عادل","4","انسيلات #16","حلوة بس القفل محتاج تتعودي عليه أول كام مرة، بعد كده بيبقى سهل."
"45","هدير حسني","5","سلاسل #28","وصل أسيوط في 5 أيام مغلف كويس، والمنتج زي الصور من غير مفاجآت."
"46","زينب محمد","5","خواتم #7","سعره حلو أوي بالنسبة لشكله، وصحابي فاكرينه أغلى من كده بكتير."
"47","نادية كامل","4","COMBO-44","فخم ومناسب للمناسبات الكبيرة، بس التوصيل خد الوقت كله 5 أيام."
"48","علياء سعيد","5","انسيلات #21","المقاس والشكل زي ما اتفقنا على واتساب بالظبط، مفيش اختلاف."
"49","شروق أسامة","5","سلاسل #13","بجمع السلاسل الرفيعة وعندي منهم كذا موديل، الجودة ثابتة في كل مرة."
"50","ليلى محمود","5","COMBO-01","طلبت 3 مرات قبل كده ومفيش مرة خذلوني، عشان كده برشحهم لأي حد يسألني."